<?xml version="1.0" encoding="UTF-8" standalone="yes"?>
<addon id="plugin.video.ontarget" name="On Target IPTV" version="1.O" provider-name="Loose Cannon">
  <requires>
    <import addon="xbmc.python" version="2.1.0"/>
	<import addon="script.module.requests" />
  </requires>
  <extension point="xbmc.python.pluginsource"
            library="default.py">
        <provides>video</provides>
  </extension>
  <extension point="xbmc.addon.metadata">
    <summary lang="en">Live IPTV </summary>
    <language>en</language>
    <description lang="en">Live IPTV unofficial Addon - Supplier of Great Quality and Stable Streams</description>
     <platform>all</platform>
  </extension>
</addon>